"0","p1 <- dalys_all_causes_num %>%"
"0","  group_by(measure, sex, age, year) %>% "
"0","  summarise(val = sum(val)) %>%"
"0","  filter(sex == ""Both"", measure != ""DALYs"")"
"2","`summarise()` has grouped output by 'measure', 'sex', 'age'. You can override using the `.groups` argument."
"0","ggplot(p1) +"
"0","  aes(x = age, fill = measure, weight = val) +"
"0","  geom_bar() +"
"0","  scale_fill_hue(direction = 1) +"
"0","  ggthemes::theme_base() +"
"0","  theme(legend.position = ""top"") +"
"0","  facet_wrap(vars(year))+"
"0","  labs(y = ""number"", "
"0","       title = ""DALYs(YLDs + YLLs) for all causes for HFPG in number in South America in 1990 and 2019"", fill = "" "")"
